"SL_NO","First_Name","Last_Name","Gender","Birth_Date","Annual_Salary"
"1","Palma","Beahan","F","1972-05-06","124103"
"2","Jalissa","Bogisich","F","1974-01-07","101133"
"3","Marlana","Moen","F","1979-05-05","140611"
"4","Adrienne","Stokes","F","1982-07-28","97453"
"5","Yahir","Kertzmann","F","1970-10-27","95140"
"6","Marsha","Ledner","F","1982-12-23","143806"
"7","Mat","Nienow","F","1995-06-14","141463"
"8","Brannon","Goldner","F","1985-04-09","72290"
"9","Zilpha","Kreiger","F","1980-07-21","91584"
"10","Carla","Witting","F","1977-02-07","96996"
"11","Saint","Hayes","F","1993-08-09","128053"
"12","Gerry","Kunze","F","1990-11-21","110341"
"13","Urijah","McClure","F","1971-04-29","105555"
"14","Desmond","Pfeffer","F","1970-04-07","72361"
"15","Hope","Zboncak","F","1989-07-18","109051"
"16","January","Balistreri","F","1995-10-26","63802"
"17","Brionna","Block","F","1973-04-17","55607"
"18","Zain","Franecki","F","1972-11-03","141171"
"19","Jaelynn","Corkery","F","1999-10-21","136524"
"20","Jeryl","Lesch","F","1971-05-24","144888"
"21","Percival","Flatley","F","1982-12-11","67961"
"22","Alana","Gaylord","F","1976-10-27","71825"
"23","Laisha","Collier","F","1981-10-23","131899"
"24","Kate","Blick","F","1975-05-10","90927"
"25","Barton","Stokes","F","1991-05-10","97214"
"26","Kari","Conn","F","1980-01-19","58570"
"27","Broderick","Mills","F","1986-04-25","104727"
"28","Jaclyn","O'Connell","F","1993-01-30","126787"
"29","Kayleen","Hodkiewicz","F","1986-05-29","58755"
"30","Trilby","Hartmann","F","1979-01-11","118209"
"31","Columbia","Pacocha","F","1994-10-04","129147"
"32","Furman","Kiehn","F","1974-01-03","59444"
"33","Vassie","Turcotte","F","1999-05-22","138513"
"34","Trey","Conn","F","1978-04-21","118809"
"35","Ilo","Mohr","F","1985-01-08","106096"
"36","Armstead","O'Kon","F","1984-08-07","75042"
"37","Phebe","Turcotte","F","1988-08-07","141422"
"38","Judi","Daugherty","F","1980-07-23","56124"
"39","Juana","Russel","F","1991-07-08","142237"
"40","Jory","Tromp","F","1985-06-06","133805"
"41","Ellison","Bednar","F","1984-03-10","81377"
"42","Theodis","Ruecker","F","1990-06-28","126923"
"43","Terrance","Schroeder","F","1989-06-02","76154"
"44","Effa","Senger","F","1974-07-24","143664"
"45","Tilman","Welch","F","1973-05-24","114153"
"46","Brandon","Yost","F","1993-01-22","84858"
"47","Alize","Murazik","F","1972-04-08","119571"
"48","Ramona","Reichert","F","1977-02-26","116332"
"49","Tristin","Shields","F","1980-08-25","97981"
"50","Wesley","Wiza","F","1989-06-07","68935"
"51","Emeline","Klocko","F","1975-05-29","68156"
"52","Rudolf","Paucek","F","1972-03-07","110663"
"53","Landen","Predovic","F","1988-06-21","125038"
"54","Malvina","Cole","F","1971-09-25","66400"
"55","Matie","Lubowitz","F","1984-04-27","119788"
"56","Jasmin","Willms","F","1982-08-27","126649"
"57","Desirae","Frami","F","1982-07-08","105702"
"58","Kitty","Ruecker","F","1976-07-24","90613"
"59","Cordell","Rempel","F","1995-04-10","120924"
"60","Gladyce","Kovacek","F","1993-05-24","110498"
"61","Stacey","Rice","F","1975-02-13","109856"
"62","Angella","Harvey","F","1988-01-21","77758"
"63","Sidney","Johnson","F","1990-12-12","141549"
"64","Loula","Botsford","F","1995-01-19","100518"
"65","Gorden","Vandervort","F","1977-10-25","147202"
"66","Maci","Hilll","F","1996-11-23","124359"
"67","Goldia","Kulas","F","1977-09-22","145125"
"68","Warren","Corkery","F","1990-02-09","70914"
"69","Lue","Von","F","1986-12-10","119230"
"70","Esmeralda","Nolan","F","1996-11-03","57474"
"71","Madaline","Hammes","F","1974-05-24","66521"
"72","Mustafa","Kreiger","F","1983-03-11","125503"
"73","Arnulfo","Dickens","F","1995-11-16","135303"
"74","Carmel","Shields","F","1996-01-08","81050"
"75","Manda","McKenzie","F","1989-10-07","59627"
"76","Clovis","Romaguera","F","1992-03-14","94327"
"77","Sedrick","Waelchi","F","1975-04-19","92351"
"78","Estela","Smitham","F","1992-04-06","123140"
"79","Edmund","Champlin","F","1978-05-27","117105"
"80","Georgeann","Gislason","F","1991-07-26","133563"
"81","Kazuko","Abbott","F","1990-02-07","58642"
"82","Jalen","Considine","F","1987-12-09","110155"
"83","Sky","Schowalter","F","1978-06-17","68018"
"84","Sullivan","Mueller","F","1976-02-24","114085"
"85","Virginia","Heaney","F","1995-12-09","110331"
"86","Wells","Wyman","F","1975-07-29","78807"
"87","Shanelle","Rolfson","F","1970-09-01","140563"
"88","Twila","Dickinson","F","1995-02-15","65375"
"89","Pandora","Goodwin","F","1975-04-24","139469"
"90","Aleta","Kessler","F","1993-11-02","94994"
"91","Bennie","Deckow","F","1985-10-20","86508"
"92","Larkin","Aufderhar","F","1997-11-14","113114"
"93","Milo","Sanford","F","1973-12-18","112077"
"94","Sula","Funk","F","1979-04-06","73487"
"95","Ottis","Wiegand","F","1977-09-27","139409"
"96","Marsha","Price","F","1982-11-17","86095"
"97","Herbert","Brown","F","1984-05-21","130710"
"98","Melissa","Bode","F","1986-07-19","65725"
"99","Ione","Jerde","F","1971-10-05","109073"
"100","Kimberley","Kuhic","F","1990-05-15","110182"
"101","Sebrina","Gibson","F","1991-03-24","72679"
"102","Dandre","Bartoletti","F","1975-06-16","65582"
"103","Jennie","Feeney","F","1984-02-05","108970"
"104","Marisela","Green","F","1979-12-03","67236"
"105","Draven","Gleichner","F","1993-11-14","109525"
"106","Jennette","Kemmer","F","1993-08-10","92197"
"107","Ewell","Sawayn","F","1993-03-23","117610"
"108","Zack","Koch","F","1970-11-20","109910"
"109","Willow","Shields","F","1994-08-08","80748"
"110","Carmen","Lind","F","1997-04-08","147651"
"111","Audry","Dickinson","F","1977-04-15","60869"
"112","Bridgette","Ward","F","1992-07-13","77710"
"113","Gerda","Hane","F","1994-07-02","140632"
"114","Patric","O'Hara","F","1973-03-17","120552"
"115","Baker","Auer","F","1986-12-28","72467"
"116","Newt","Kertzmann","F","1997-05-14","80860"
"117","Nevin","Nicolas","F","1989-08-30","81635"
"118","Tommie","Kreiger","F","1981-02-19","139040"
"119","Tyrese","Eichmann","F","1982-07-18","81777"
"120","Kimber","Larson","F","1998-03-24","149164"
"121","Dijon","Brakus","F","1982-08-17","129734"
"122","Gail","Erdman","F","1975-10-23","84614"
"123","Eldred","Kshlerin","F","1975-09-24","92262"
"124","Ariella","Runte","F","1993-12-26","107325"
"125","Wendel","Dibbert","F","1992-08-02","144099"
"126","Fenton","Block","F","1990-02-23","119342"
"127","Hazel","Bruen","F","1980-01-19","89167"
"128","Janell","Heaney","F","1991-06-09","80659"
"129","Oline","Hagenes","F","1980-02-25","124195"
"130","Jordyn","Connelly","F","1990-11-10","124399"
"131","Dove","Runolfsdottir","F","1972-03-04","137960"
"132","Marlin","Collins","F","1981-02-26","85519"
"133","Dulcie","Lemke","F","1970-05-15","59796"
"134","Alaina","Klocko","F","1981-09-07","125133"
"135","Woodson","Bins","F","1992-03-14","113482"
"136","Gladys","Morissette","F","1987-08-04","133905"
"137","Byrdie","Rolfson","F","1988-04-17","56176"
"138","Hakim","Towne","F","1975-01-05","132437"
"139","Deetta","Lowe","F","1971-01-11","107681"
"140","Izaiah","West","F","1994-02-04","95099"
"141","Nancie","Smith","F","1998-03-12","107216"
"142","Abbey","Fahey","F","1982-08-27","124621"
"143","Baby","Towne","F","1983-09-14","95548"
"144","Delpha","Frami","F","1986-06-02","95014"
"145","Pate","Weber","F","1992-01-03","71722"
"146","Colt","Schmitt","F","1990-07-31","79093"
"147","Burley","Lakin","F","1971-12-06","116648"
"148","Fredy","Mraz","F","1994-05-05","104426"
"149","Janiah","Little","F","1978-12-03","142787"
"150","Laura","Hartmann","F","1988-12-05","63915"
"151","Sincere","Russel","F","1996-10-21","139171"
"152","Nadine","Bednar","F","1978-08-26","128460"
"153","Ardell","Swift","F","1997-06-15","146257"
"154","Sylvan","Spinka","F","1985-11-09","94445"
"155","Alvin","Marvin","F","1989-07-21","109310"
"156","Audie","Weimann","F","1972-11-14","118431"
"157","Abbott","Rippin","F","1984-03-11","93348"
"158","Salina","Hammes","F","1979-04-16","122286"
"159","Andrew","Schulist","F","1971-01-02","101940"
"160","Kyle","Ankunding","F","1980-08-31","146364"
"161","Marley","Okuneva","F","1978-10-27","146836"
"162","Jacquez","Gutmann","F","1979-01-20","75846"
"163","Brooke","Morar","F","1983-08-01","126294"
"164","Georgie","Friesen","F","1986-07-14","125873"
"165","Melissia","Strosin","F","1973-12-13","100176"
"166","Francies","Schoen","F","1993-11-04","94327"
"167","Love","Bode","F","1990-08-16","101786"
"168","Tasia","Nitzsche","F","1972-03-06","117011"
"169","Jarrod","Williamson","F","1989-07-24","126979"
"170","Dolores","Trantow","F","1999-05-24","117449"
"171","Elease","Torp","F","1990-01-31","89048"
"172","Citlalli","Dach","F","1993-07-02","133519"
"173","Raquan","Schmeler","F","1990-05-31","137343"
"174","Odie","Veum","F","1988-07-23","85210"
"175","Bobbie","Kessler","F","1970-09-03","119641"
"176","Doreen","Baumbach","F","1980-03-29","55033"
"177","Erling","Nienow","F","1970-12-31","94938"
"178","Damian","Marvin","F","1975-05-21","135791"
"179","Tracey","Lebsack","F","1975-04-24","72866"
"180","Ivonne","Langworth","F","1977-03-01","132528"
"181","Adelard","Abshire","F","1973-12-15","66031"
"182","Royal","Leffler","F","1998-12-18","143991"
"183","North","McLaughlin","F","1988-10-31","128329"
"184","Laverne","Schiller","F","1976-03-05","131800"
"185","Chase","Goyette","F","1982-12-16","149717"
"186","Lorrie","Crist","F","1981-07-25","111104"
"187","May","Doyle","F","1992-06-21","65658"
"188","Margarite","Cassin","F","1981-07-10","61076"
"189","Zack","Kling","F","1981-11-21","138431"
"190","Michaela","Sanford","F","1976-05-05","70382"
"191","Moody","Fritsch","F","1992-10-02","62066"
"192","Giovani","Friesen","F","1980-03-26","87001"
"193","Takisha","Stanton","F","1996-06-19","100116"
"194","Eileen","Boyle","F","1995-05-25","96924"
"195","Triston","Yundt","F","1970-03-29","86467"
"196","Garey","Vandervort","F","1971-07-19","67132"
"197","Serenity","Senger","F","1993-04-19","85681"
"198","Iva","Green","F","1978-07-30","67147"
"199","Faith","Becker","F","1992-12-16","99575"
"200","Sherwin","Witting","F","1977-05-01","73338"
"201","Christa","King","F","1994-03-25","128960"
"202","Lyn","Bechtelar","F","1990-04-27","104808"
"203","Brandi","Klein","F","1976-10-19","71013"
"204","Elvis","Medhurst","F","1987-08-25","141046"
"205","Clemens","Heathcote","F","1985-08-15","107976"
"206","Vernell","Schmidt","F","1983-08-08","123021"
"207","Monnie","Mante","F","1997-06-29","91829"
"208","Corinna","Parker","F","1985-03-04","84403"
"209","Greyson","Bruen","F","1972-10-30","144889"
"210","Kayley","Predovic","F","1973-05-20","108400"
"211","Texanna","Rohan","F","1997-09-09","140536"
"212","Arianna","Gorczany","F","1973-10-15","87397"
"213","Otha","Keebler","F","1990-02-04","141310"
"214","Wally","Cremin","F","1978-12-04","110306"
"215","Tyquan","Sanford","F","1982-09-10","111819"
"216","Rutha","Emmerich","F","1993-12-16","73547"
"217","Abie","Kuhn","F","1981-09-13","109730"
"218","Becky","Murazik","F","1987-03-26","112854"
"219","Jalen","Waters","F","1980-09-22","118124"
"220","Shawanda","Harber","F","1990-01-29","130551"
"221","Paola","Kilback","F","1981-11-09","61536"
"222","Birt","Farrell","F","1971-08-31","86943"
"223","Janyce","Yundt","F","1983-01-18","82091"
"224","Mauricio","Bergnaum","F","1975-07-25","140239"
"225","Kyleigh","Rutherford","F","1997-12-12","67230"
"226","Loula","Hahn","F","1998-09-23","107869"
"227","Lacey","Dickens","F","1971-07-23","96147"
"228","Kathyrn","Balistreri","F","1999-03-06","68773"
"229","Mack","Nolan","F","1998-01-26","121793"
"230","Nova","Klein","F","1973-12-28","123331"
"231","Alston","Davis","F","1970-08-05","123387"
"232","Francies","McGlynn","F","1991-05-05","131460"
"233","Sammy","Dickinson","F","1996-04-20","136082"
"234","Rosanne","Heathcote","F","1993-06-23","67357"
"235","Bea","Lueilwitz","F","1988-01-16","85676"
"236","Ulises","Nicolas","F","1995-04-30","134165"
"237","Demian","Barrows","F","1980-07-29","74930"
"238","Karma","Shields","F","1983-07-16","103352"
"239","Bev","Schuster","F","1981-06-23","69093"
"240","Marylee","Schimmel","F","1998-06-29","98535"
"241","Savilla","Bernier","F","1974-07-16","122832"
"242","Johan","Haag","F","1975-06-08","118838"
"243","Bliss","Abshire","F","1985-08-20","106218"
"244","Karma","Herman","F","1994-12-22","111818"
"245","Celia","Konopelski","F","1986-01-08","61724"
"246","Braydon","Ritchie","F","1995-05-17","60911"
"247","Mickey","Pagac","F","1984-05-23","133279"
"248","Codey","Nitzsche","F","1981-06-18","85500"
"249","Keanna","Nicolas","F","1994-05-08","64265"
"250","Alphonsine","Bode","F","1978-07-13","72830"
"251","Rosendo","Rau","F","1987-11-06","80392"
"252","Austin","Hahn","F","1975-05-01","88848"
"253","Vergie","Tremblay","F","1987-12-09","149999"
"254","Ashby","Waelchi","F","1985-08-12","119416"
"255","Raekwon","Kuhn","F","1972-02-06","149482"
"256","Armani","McClure","F","1973-06-20","110082"
"257","Nevada","Kunde","F","1986-05-10","112824"
"258","Brendan","Block","F","1996-10-10","123597"
"259","Alene","Kuvalis","F","1973-10-11","103230"
"260","Helyn","Fadel","F","1985-09-05","70770"
"261","Carter","Howe","F","1978-08-12","109318"
"262","Hayden","Koepp","F","1991-01-01","119933"
"263","Talmage","Kirlin","F","1977-02-07","118016"
"264","Nikhil","Lemke","F","1982-06-06","109382"
"265","Keeley","Conroy","F","1970-01-17","55726"
"266","Asia","Hane","F","1995-12-20","110038"
"267","Arden","Hoeger","F","1988-04-25","89713"
"268","Elyse","Stroman","F","1975-01-24","107074"
"269","Samara","Erdman","F","1991-10-29","119930"
"270","Greta","Dickinson","F","1990-04-29","81093"
"271","Viridiana","Beahan","F","1986-03-29","142546"
"272","Meryl","Hammes","F","1974-03-31","145884"
"273","Chimere","Wunsch","F","1997-08-13","94717"
"274","Lucretia","Mante","F","1976-10-24","98550"
"275","Kristian","Heidenreich","F","1975-07-11","146795"
"276","Tiffanie","Hessel","F","1987-03-09","64381"
"277","Jose","Breitenberg","F","1985-07-02","142567"
"278","Julie","Wiegand","F","1982-05-24","141991"
"279","Denton","Becker","F","1984-05-13","60045"
"280","Kurt","Nikolaus","F","1980-12-14","101337"
"281","Katerina","Runolfsson","F","1990-07-05","87137"
"282","Ethelbert","Koch","F","1972-04-15","124780"
"283","Kelsey","Feil","F","1981-04-14","122762"
"284","Octavia","Cormier","F","1978-03-21","80301"
"285","Margot","Connelly","F","1982-04-30","75082"
"286","Einar","Beier","F","1971-09-06","113541"
"287","Linnie","Larson","F","1980-03-04","92815"
"288","Anjanette","Marvin","F","1996-08-11","74834"
"289","Leroy","Kuhic","F","1992-12-18","149322"
"290","Chace","Crist","F","1985-01-02","71364"
"291","Gilda","Gerlach","F","1987-06-25","58922"
"292","Lolita","Kuvalis","F","1988-07-29","140096"
"293","Elizabet","Dickinson","F","1985-03-13","117526"
"294","Eugenia","Will","F","1976-08-17","66967"
"295","Marland","Bayer","F","1991-04-10","144022"
"296","Brody","Hegmann","F","1978-04-22","132509"
"297","Tremaine","Stanton","F","1973-07-29","115953"
"298","Cory","Funk","F","1999-02-18","80614"
"299","Breonna","Schaefer","F","1982-06-28","105640"
"300","Ashley","Emard","F","1971-01-09","149670"
"301","Denice","Hand","F","1994-10-29","83935"
"302","Verna","Kunze","F","1991-08-05","100598"
"303","Jacquez","Halvorson","F","1991-08-03","55690"
"304","Ardell","Carter","F","1993-07-09","129321"
"305","Leola","Schroeder","F","1972-12-31","72369"
"306","Willie","O'Keefe","F","1998-01-12","124504"
"307","Clemence","O'Connell","F","1984-06-24","92830"
"308","Thurman","Bosco","F","1973-06-29","130265"
"309","Claiborne","Lockman","F","1980-12-21","87904"
"310","Adella","Hintz","F","1970-12-21","116692"
"311","Nelly","Kiehn","F","1970-10-23","59296"
"312","Alfred","Wiza","F","1999-02-20","61723"
"313","Echo","Lowe","F","1984-12-29","58458"
"314","Romeo","Kohler","F","1970-09-30","75400"
"315","Meta","Denesik","F","1971-12-21","65794"
"316","Christopher","D'Amore","F","1974-03-16","103614"
"317","Johnny","Wehner","F","1974-07-04","72728"
"318","Kiya","Reynolds","F","1981-04-01","100427"
"319","Beckie","Welch","F","1983-05-13","85858"
"320","Brandon","Stokes","F","1980-01-23","117282"
"321","Kassie","Rogahn","F","1985-09-23","110676"
"322","Claiborne","Kuhn","F","1995-05-15","58088"
"323","Dereck","Jacobson","F","1977-01-27","79325"
"324","Mabel","O'Hara","F","1982-10-28","136284"
"325","Elba","Predovic","F","1990-08-17","104396"
"326","Lucius","Kautzer","F","1994-07-24","77156"
"327","Ambers","Bergstrom","F","1975-04-26","119200"
"328","Sheilah","Hoeger","F","1990-12-11","57102"
"329","Rudolfo","Schumm","F","1987-08-06","110232"
"330","Clint","Feil","F","1975-12-18","120068"
"331","Duard","Reichert","F","1984-05-22","146078"
"332","Leonor","Reynolds","F","1989-04-09","79301"
"333","Laddie","Stroman","F","1996-01-11","72613"
"334","Edrie","Wilderman","F","1976-02-03","117636"
"335","Minta","Schmitt","F","1972-04-17","108987"
"336","Zechariah","Will","F","1977-06-27","127310"
"337","Levon","Reinger","F","1980-01-10","100738"
"338","Randal","Greenholt","F","1996-05-05","121584"
"339","Simon","Ortiz","F","1978-05-18","67293"
"340","Iyanna","Bauch","F","1985-06-12","117873"
"341","Dejah","Mertz","F","1978-08-06","113054"
"342","Oline","Bednar","F","1992-11-02","121636"
"343","Adrian","Christiansen","F","1992-05-20","118067"
"344","Anfernee","Mitchell","F","1988-05-17","92425"
"345","Joshuah","Walker","F","1982-04-12","127064"
"346","Angella","Stanton","F","1995-08-02","104029"
"347","Mathilda","Cormier","F","1978-08-07","140012"
"348","Sarai","Heidenreich","F","1983-03-08","76742"
"349","Akeem","Mann","F","1974-11-26","120863"
"350","Montel","Kunde","F","1996-07-29","105292"
"351","Drake","Conroy","F","1988-11-28","146475"
"352","Tyrique","Gusikowski","F","1971-02-10","145009"
"353","Beula","Koss","F","1971-04-29","77730"
"354","Moody","Padberg","F","1996-06-27","117535"
"355","Caddie","Toy","F","1986-12-16","74409"
"356","Ross","Konopelski","F","1999-05-30","87013"
"357","Milas","Williamson","F","1977-11-02","93584"
"358","Stuart","Cronin","F","1971-11-18","128312"
"359","Kayson","Towne","F","1980-11-08","68757"
"360","Rebekah","Ullrich","F","1986-12-04","118321"
"361","Santana","Jones","F","1999-03-09","85004"
"362","Debbie","Bayer","F","1983-12-31","140985"
"363","Danyel","Considine","F","1973-05-05","61059"
"364","Deidre","Graham","F","1984-02-18","85806"
"365","Karrie","Prosacco","F","1970-12-23","119203"
"366","Vida","Hintz","F","1971-10-28","121373"
"367","Dessa","Crona","F","1975-04-06","60560"
"368","Tempie","Heller","F","1983-07-10","141141"
"369","Tari","Waelchi","F","1998-10-08","84696"
"370","Alto","Wisozk","F","1975-01-11","136728"
"371","Nanci","Schuppe","F","1989-12-30","56949"
"372","Linsey","Grant","F","1974-11-11","73168"
"373","Gloria","Treutel","F","1995-12-16","100276"
"374","Sommer","Johnston","F","1972-11-24","95217"
"375","Jimmie","Wisoky","F","1982-03-15","55945"
"376","Alpheus","Mayer","F","1977-01-25","83631"
"377","Elberta","Harvey","F","1988-12-29","146691"
"378","Patty","Swift","F","1987-12-26","126589"
"379","Talmage","Bartell","F","1989-02-19","103606"
"380","Lenord","Kihn","M","1994-07-01","64598"
"381","Hebert","Muller","M","1990-09-04","100324"
"382","Virginia","Ullrich","M","1991-09-23","144957"
"383","Roby","Hudson","M","1997-01-15","137659"
"384","Lexie","Robel","M","1997-09-05","106595"
"385","Billy","Reilly","M","1977-04-30","75300"
"386","Aja","Lynch","M","1986-08-21","69271"
"387","Jabez","McLaughlin","M","1971-01-12","141535"
"388","Florene","O'Connell","M","1979-04-03","133971"
"389","Migdalia","Sauer","M","1992-08-24","144271"
"390","Jelani","Quitzon","M","1991-03-20","93442"
"391","Amarion","Larkin","M","1987-06-28","145321"
"392","Malcolm","Schmitt","M","1974-03-30","59482"
"393","Millicent","Moen","M","1983-03-15","116407"
"394","Katelin","Huels","M","1996-12-17","65039"
"395","Jaiden","Hirthe","M","1970-09-26","62770"
"396","Hildred","McKenzie","M","1970-03-23","98515"
"397","Kyrie","Sanford","M","1992-04-15","75514"
"398","Marget","West","M","1979-10-11","79230"
"399","Shade","Runte","M","1991-11-08","56935"
"400","Anibal","Dare","M","1986-05-23","149219"
"401","Lucia","Bogan","M","1994-10-27","137985"
"402","Omar","Beier","M","1977-01-22","125879"
"403","Rashawn","Wyman","M","1995-05-06","56155"
"404","Darby","Herzog","M","1980-05-24","72575"
"405","Ephram","Lindgren","M","1994-12-10","130053"
"406","Lance","Ratke","M","1979-08-03","84832"
"407","Ernie","Harber","M","1997-10-15","70102"
"408","Duke","Krajcik","M","1977-09-29","136383"
"409","Wilfred","Willms","M","1998-07-19","108311"
"410","Chuck","Watsica","M","1984-02-24","135153"
"411","Shellie","Zboncak","M","1988-08-27","80332"
"412","Rylie","Bode","M","1978-03-05","146229"
"413","Lavon","Kunze","M","1991-05-29","86608"
"414","Jeffry","Kreiger","M","1983-04-07","79429"
"415","Elige","Rempel","M","1976-12-11","84343"
"416","Justus","Ullrich","M","1981-01-17","90633"
"417","Zelia","Lakin","M","1989-07-02","125912"
"418","Socorro","Barrows","M","1976-08-06","135162"
"419","Halley","Armstrong","M","1972-07-15","96508"
"420","Quint","Halvorson","M","1978-11-24","56029"
"421","Manilla","Daniel","M","1980-07-06","89318"
"422","Gustie","Feest","M","1976-12-29","130311"
"423","Byrd","Wintheiser","M","1983-11-01","62026"
"424","Elmer","Reichert","M","1978-04-09","84094"
"425","Chantel","Shanahan","M","1992-05-22","72408"
"426","Rob","Hagenes","M","1997-01-27","73762"
"427","Devonte","Erdman","M","1985-09-15","59567"
"428","Lucetta","Kemmer","M","1980-03-22","72335"
"429","Ellsworth","Carter","M","1979-07-24","138540"
"430","Gavin","Kuhic","M","1985-09-20","132542"
"431","Camila","Tillman","M","1977-04-03","99941"
"432","Dorla","Stark","M","1998-08-14","134767"
"433","Isamar","Grimes","M","1991-10-10","113122"
"434","Dennis","Cole","M","1993-04-16","147018"
"435","Ott","Huels","M","1991-07-17","106909"
"436","Fleda","Botsford","M","1989-01-14","77949"
"437","Luella","Tromp","M","1970-01-24","55559"
"438","Garrison","Schulist","M","1982-10-14","109871"
"439","Dakotah","Kirlin","M","1976-11-05","93349"
"440","Cephus","Botsford","M","1986-09-11","84377"
"441","Syreeta","Altenwerth","M","1999-08-28","117554"
"442","Magdalena","Reichert","M","1993-09-02","55366"
"443","Kiara","Gerlach","M","1984-11-26","108015"
"444","Marcello","Yost","M","1995-04-15","59985"
"445","Ebb","Thiel","M","1982-10-19","142036"
"446","Frieda","Barrows","M","1981-09-27","130890"
"447","Myles","Ritchie","M","1979-01-19","69366"
"448","Jaylynn","Kerluke","M","1997-10-09","130936"
"449","Baylie","Conroy","M","1988-06-17","125274"
"450","Farris","Hirthe","M","1986-12-10","74274"
"451","Travon","Schmitt","M","1999-12-07","112990"
"452","Barnett","Schneider","M","1980-05-29","55153"
"453","Harley","Conn","M","1983-10-24","98869"
"454","Bayard","Bartoletti","M","1990-11-21","115560"
"455","Pasquale","Boyle","M","1971-04-09","132888"
"456","Semaj","Rowe","M","1970-07-07","89280"
"457","Americo","Hyatt","M","1985-09-23","148119"
"458","Durwood","Prosacco","M","1980-08-31","114870"
"459","Oland","Bradtke","M","1972-07-07","96697"
"460","Kenny","Shields","M","1996-11-30","133041"
"461","Gidget","Champlin","M","1975-04-28","57584"
"462","Leota","O'Keefe","M","1994-01-02","97408"
"463","Alec","Spinka","M","1993-07-11","62865"
"464","Davonta","Hoppe","M","1973-09-22","132089"
"465","Felecia","Bednar","M","1996-03-23","106510"
"466","Reina","Roob","M","1994-05-11","65167"
"467","Doris","Effertz","M","1971-04-15","89444"
"468","Edwina","Aufderhar","M","1989-09-08","89080"
"469","Christop","Frami","M","1997-01-06","56324"
"470","Leonora","Kirlin","M","1987-10-06","85853"
"471","Kendall","Kilback","M","1984-09-05","59078"
"472","Osborne","Bayer","M","1990-08-13","111836"
"473","Alwilda","Lueilwitz","M","1999-07-10","132499"
"474","Lucie","Murphy","M","1991-05-22","146587"
"475","Evette","Marquardt","M","1999-03-26","80151"
"476","Venie","Becker","M","1973-03-15","148967"
"477","Rhea","Runolfsdottir","M","1994-09-13","98150"
"478","Leva","Berge","M","1978-06-08","90204"
"479","Mia","Von","M","1986-07-11","103794"
"480","Verona","Padberg","M","1998-10-14","125561"
"481","Christa","Roob","M","1996-12-17","110838"
"482","Walton","Howell","M","1996-06-01","76389"
"483","Zadie","Gorczany","M","1992-06-21","123502"
"484","Elmyra","Mertz","M","1981-04-15","105395"
"485","Fran","Pagac","M","1992-12-31","99065"
"486","Flor","Schamberger","M","1984-05-10","101162"
"487","Corda","Wehner","M","1990-05-13","77291"
"488","Jamal","Cole","M","1983-01-31","109251"
"489","Katharyn","Boyer","M","1971-01-28","103177"
"490","Delwin","Satterfield","M","1992-05-08","146286"
"491","Jeff","Jacobs","M","1980-11-06","98247"
"492","Ashlyn","Schinner","M","1977-10-21","102601"
"493","Dorsey","Runte","M","1982-04-25","84865"
"494","Jesenia","Nicolas","M","1979-02-28","89252"
"495","Leonore","Stroman","M","1991-02-18","58179"
"496","Devon","Kozey","M","1973-06-01","66593"
"497","Teddy","Rath","M","1990-02-17","109005"
"498","Donato","Vandervort","M","1985-09-18","141040"
"499","Mozelle","Ullrich","M","1999-06-08","149146"
"500","Alannah","Spencer","M","1978-08-02","55923"
"501","Almond","Waters","M","1973-04-15","93094"
"502","Clearence","Turner","M","1997-05-17","98536"
"503","Markel","Beer","M","1997-08-05","95954"
"504","Williemae","Nikolaus","M","1973-03-10","117500"
"505","Christeen","Borer","M","1981-09-12","133983"
"506","Christa","Buckridge","M","1998-05-23","139709"
"507","Kelby","Hessel","M","1972-06-21","103945"
"508","Raheem","Rogahn","M","1997-09-05","119569"
"509","Marco","Heidenreich","M","1978-08-14","59639"
"510","Lorelei","Spencer","M","1973-02-10","126556"
"511","Shaniece","Kovacek","M","1990-12-27","144102"
"512","Michial","Oberbrunner","M","1983-08-26","142240"
"513","Weldon","Cronin","M","1988-12-26","83682"
"514","Odin","Metz","M","1999-11-05","91335"
"515","Marcy","Schuppe","M","1983-12-31","142081"
"516","Maddux","Fahey","M","1973-07-01","74497"
"517","Heyward","Mueller","M","1984-11-07","118215"
"518","Hart","Kunze","M","1974-09-08","73245"
"519","Edwin","Graham","M","1997-05-02","138471"
"520","Jailene","Lakin","M","1987-11-10","97618"
"521","Latifah","Howe","M","1994-03-22","81518"
"522","Alyce","Haag","M","1979-10-05","106761"
"523","Loris","Volkman","M","1994-07-26","83511"
"524","Lenord","Mraz","M","1997-06-25","102116"
"525","Ula","Rogahn","M","1997-04-01","97009"
"526","Leora","Tromp","M","1984-06-13","84218"
"527","Damon","Rutherford","M","1976-02-24","91380"
"528","Khalilah","Flatley","M","1974-03-31","91171"
"529","Hymen","Kub","M","1982-01-17","64141"
"530","Mustafa","Emard","M","1972-03-16","55003"
"531","Errol","Pfeffer","M","1992-01-17","91406"
"532","Oda","Becker","M","1980-06-22","76005"
"533","Clinton","Morar","M","1991-09-05","118143"
"534","Rashaan","Mills","M","1997-05-16","72516"
"535","Chelsi","Parisian","M","1987-02-24","142266"
"536","Skyla","Kris","M","1971-02-02","149507"
"537","Aleah","Bosco","M","1976-04-13","67831"
"538","Mabel","VonRueden","M","1979-01-21","76933"
"539","Jedidiah","Carroll","M","1976-02-16","124095"
"540","Izetta","Keeling","M","1973-06-12","138064"
"541","Eugenie","Senger","M","1998-10-19","125441"
"542","Carrol","Little","M","1982-12-02","75423"
"543","Kahlil","Glover","M","1983-02-19","70487"
"544","Wanda","Cartwright","M","1981-09-09","87829"
"545","Bennett","Bahringer","M","1971-04-16","66507"
"546","Stella","Homenick","M","1975-09-29","149108"
"547","Daniel","Zboncak","M","1984-10-23","97560"
"548","Jaimee","Ryan","M","1983-05-14","65156"
"549","Tatyana","Cassin","M","1987-02-04","62908"
"550","Mace","Cormier","M","1993-05-29","122923"
"551","Kaelynn","Pollich","M","1995-12-02","148552"
"552","Keira","Lubowitz","M","1986-01-27","137921"
"553","Donal","Fay","M","1998-05-27","64259"
"554","Buna","Connelly","M","1990-01-01","148038"
"555","Albertus","Littel","M","1994-03-06","55958"
"556","Leesa","Friesen","M","1996-09-18","80722"
"557","Stafford","King","M","1996-12-12","60367"
"558","Tobi","Cummings","M","1990-10-07","135521"
"559","Cherelle","Waelchi","M","1982-07-05","56568"
"560","Iesha","Franecki","M","1975-07-16","100401"
"561","Donat","Ryan","M","1978-07-15","88653"
"562","Celestine","Walker","M","1972-10-12","83549"
"563","Alston","Grimes","M","1977-05-14","118206"
"564","Claire","Kiehn","M","1976-12-07","70316"
"565","Johathan","Cruickshank","M","1982-07-31","130472"
"566","Freddie","Emmerich","M","1987-12-19","138387"
"567","Violet","Metz","M","1978-03-09","106724"
"568","Cheyanne","Wiza","M","1995-03-08","117399"
"569","Corry","Wehner","M","1984-04-08","93686"
"570","Shelly","Konopelski","M","1990-05-28","111792"
"571","Melody","Farrell","M","1981-06-05","89670"
"572","Virgie","Bradtke","M","1994-10-06","86863"
"573","Lindy","Gottlieb","M","1994-02-25","66430"
"574","Dillan","Turcotte","M","1995-07-29","68520"
"575","Williemae","Wilkinson","M","1987-10-22","106398"
"576","Val","Schmitt","M","1977-05-06","132677"
"577","Charlsie","Hirthe","M","1975-08-15","62393"
"578","Isabel","Hilpert","M","1977-03-01","64781"
"579","Maceo","Wisoky","M","1983-11-12","142838"
"580","Jonell","Frami","M","1989-03-30","64124"
"581","London","Denesik","M","1992-01-05","72160"
"582","Makena","Heidenreich","M","1974-08-27","95112"
"583","Korbin","Ondricka","M","1981-12-19","121109"
"584","Elodie","Heller","M","1998-06-15","131562"
"585","Nathaly","Adams","M","1974-01-29","100052"
"586","Vela","Lueilwitz","M","1979-11-13","61581"
"587","Brook","Turner","M","1990-06-21","80734"
"588","Saige","Casper","M","1990-08-03","61597"
"589","Pablo","Bogan","M","1989-11-03","123759"
"590","Lary","Krajcik","M","1993-08-30","73623"
"591","Iola","Hilpert","M","1974-12-01","100923"
"592","Vicente","Wiegand","M","1992-04-07","67066"
"593","Jajuan","Leffler","M","1981-04-15","92701"
"594","Vernia","Ritchie","M","1988-10-25","70673"
"595","Geary","Nienow","M","1980-11-03","59300"
"596","Kami","Langworth","M","1996-08-22","72960"
"597","Penelope","Crona","M","1999-06-12","80458"
"598","Opal","Koelpin","M","1975-02-21","132691"
"599","Agusta","Emmerich","M","1972-12-05","114085"
"600","Karol","Parisian","M","1992-06-01","99501"
"601","Cleo","O'Kon","M","1974-12-22","108288"
"602","Celeste","Bernhard","M","1973-04-24","76386"
"603","Annika","Runte","M","1992-07-24","62438"
"604","Jan","Fahey","M","1987-10-25","144382"
"605","Miranda","Hagenes","M","1980-04-21","68804"
"606","Clair","Stokes","M","1978-08-31","76691"
"607","Joseph","Reynolds","M","1977-12-28","97293"
"608","Lamonte","Rolfson","M","1979-09-27","68661"
"609","Alesia","Hirthe","M","1979-04-21","126664"
"610","Zelpha","White","M","1999-12-07","84398"
"611","Alice","Doyle","M","1998-08-01","119391"
"612","Harmony","Witting","M","1987-11-06","91591"
"613","Felicity","Renner","M","1978-08-14","81751"
"614","Jerica","Sauer","M","1982-03-12","120954"
"615","Denine","Crona","M","1981-10-29","105854"
"616","Salomon","Carter","M","1987-05-30","96431"
"617","Emery","Steuber","M","1988-02-09","77892"
"618","Uriah","Bashirian","M","1974-03-22","102185"
"619","Jolette","Marks","M","1977-10-12","132173"
"620","Wally","Hirthe","M","1991-07-20","129998"
"621","Kennard","Hintz","M","1988-06-12","71052"
"622","Rubie","Hartmann","M","1996-09-06","64643"
"623","Helene","Medhurst","M","1982-08-13","123711"
"624","Leone","Upton","M","1988-03-08","148436"
"625","Jaelynn","Morissette","M","1981-01-24","96862"
"626","Devyn","O'Conner","M","1994-01-12","130685"
"627","Jazlyn","Davis","M","1994-04-11","118945"
"628","Emery","Conn","M","1995-10-23","138214"
"629","Ruffin","Medhurst","M","1994-11-13","67369"
"630","Sharonda","Doyle","M","1982-10-22","71172"
"631","Laurene","Kohler","M","1978-02-15","121461"
"632","Tolbert","Trantow","M","1994-09-07","91941"
"633","Tab","Zulauf","M","1991-06-15","68168"
"634","Waymon","Bauch","M","1973-12-29","118954"
"635","Hasel","Leannon","M","1989-07-31","121109"
"636","Abe","Schultz","M","1994-11-15","71706"
"637","Rennie","Koch","M","1993-08-24","132854"
"638","Adonis","Kessler","M","1979-11-01","86648"
"639","Edwin","Abbott","M","1979-12-21","139549"
"640","Arthur","Beatty","M","1974-07-04","89660"
"641","Racheal","Funk","M","1988-01-23","120223"
"642","Kendall","Harvey","M","1975-10-18","142874"
"643","Zita","Hermiston","M","1997-04-29","128330"
"644","Fannie","Lemke","M","1990-09-04","85872"
"645","Francine","Mayer","M","1997-02-17","80200"
"646","Elaine","Barrows","M","1983-06-08","59553"
"647","Joselyn","Schmeler","M","1970-06-23","84979"
"648","Sheree","Morar","M","1997-03-22","86222"
"649","Carmelita","Bednar","M","1997-02-22","71107"
"650","Gracelyn","Friesen","M","1974-08-07","73455"
"651","Lorrayne","Volkman","M","1988-11-13","121555"
"652","Milan","O'Conner","M","1975-07-01","116626"
"653","Myrta","Kuvalis","M","1990-01-24","106103"
"654","Minerva","Sawayn","M","1979-08-09","139741"
"655","Reid","Tromp","M","1990-08-20","136597"
"656","Wilhelm","Halvorson","M","1984-06-18","56856"
"657","Aryana","Hammes","M","1973-06-19","93551"
"658","Imanol","Streich","M","1974-09-30","76056"
"659","Misti","Hammes","M","1970-05-14","117924"
"660","Ivory","Mante","M","1984-09-04","81133"
"661","Aimee","Sauer","M","1992-11-18","125785"
"662","Medora","Wisoky","M","1994-09-13","113470"
"663","Ocie","Lakin","M","1970-12-09","71623"
"664","Josephus","Collier","M","1986-11-13","103524"
"665","Karlee","Labadie","M","1975-11-17","108276"
"666","Haleigh","Herzog","M","1994-07-24","115672"
"667","Johny","Volkman","M","1998-07-25","143599"
"668","Blanchard","Ryan","M","1997-01-15","138655"
"669","Deasia","Herzog","M","1972-08-15","102541"
"670","Gerald","Pfeffer","M","1999-03-25","97350"
"671","Vikki","Schiller","M","1984-10-31","72145"
"672","Avis","Hayes","M","1987-02-01","67180"
"673","Meryl","Wunsch","M","1999-11-04","73793"
"674","Clemmie","Crist","M","1988-04-24","67216"
"675","Gracie","Shanahan","M","1992-09-21","61106"
"676","Solomon","Ziemann","M","1975-05-30","86358"
"677","Emeline","Jast","M","1994-12-08","129714"
"678","Eldred","Hahn","M","1998-09-02","146067"
"679","Park","Harber","M","1989-12-23","94897"
"680","Eboni","Feest","M","1981-06-13","140226"
"681","Inga","Boehm","M","1976-05-08","129020"
"682","Acy","Paucek","M","1992-11-17","146126"
"683","Rylan","Stroman","M","1971-06-24","141575"
"684","Madden","Hessel","M","1978-08-21","137376"
"685","Lavada","Schmidt","M","1987-05-15","101898"
"686","Denisha","Price","M","1999-06-21","87662"
"687","Renea","Erdman","M","1986-08-03","64245"
"688","Sybilla","Kreiger","M","1981-09-20","89122"
"689","Ester","Emmerich","M","1989-08-13","134033"
"690","Nick","Little","M","1980-08-20","103003"
"691","Ardell","Von","M","1989-03-03","110429"
"692","Akeelah","Kris","M","1981-02-22","123656"
"693","Ursula","Wintheiser","M","1999-11-26","135046"
"694","Javion","Moore","M","1976-02-13","137513"
"695","Almeda","Murazik","M","1988-03-12","134422"
"696","Esther","Cartwright","M","1998-09-14","85697"
"697","Monroe","Pacocha","M","1986-08-22","122011"
"698","Elmo","Jacobson","M","1982-01-26","104313"
"699","Berkley","Nader","M","1982-01-05","69904"
"700","Casen","Rowe","M","1990-04-22","120179"
"701","Karel","McLaughlin","M","1984-05-14","84829"
"702","Theta","Kirlin","M","1975-08-29","115004"
"703","Aurora","Fritsch","M","1970-05-12","132233"
"704","Destiny","Kirlin","M","1994-09-30","120558"
"705","Miley","Kshlerin","M","1994-11-21","66572"
"706","Oney","Purdy","M","1976-12-20","59579"
"707","Theresa","Gulgowski","M","1975-01-10","81277"
"708","Osie","Bruen","M","1979-08-18","85492"
"709","Annamarie","Blanda","M","1982-03-23","106169"
"710","Jayne","Blanda","M","1987-01-23","92728"
"711","Rico","Wilderman","M","1970-12-29","73523"
"712","Alena","Johns","M","1980-07-30","64689"
"713","Carin","Prosacco","M","1987-06-24","143630"
"714","Dorathy","Senger","M","1993-12-26","64114"
"715","Sannie","White","M","1975-05-13","117537"
"716","Ottis","Collier","M","1993-11-20","109456"
"717","Candace","Predovic","M","1986-03-02","98922"
"718","Sudie","Mayert","M","1994-08-27","115256"
"719","Madalyn","Dach","M","1979-07-11","143222"
"720","Randell","Dickens","M","1981-06-27","98427"
"721","Carly","Ratke","M","1998-01-16","88315"
"722","Pleas","Flatley","M","1973-12-24","72630"
"723","Ewell","Hammes","M","1972-09-05","119049"
"724","Helena","Denesik","M","1975-01-15","57771"
"725","Corene","Boehm","M","1972-02-11","76070"
"726","Jiles","Osinski","M","1981-12-03","59309"
"727","Stephenie","White","M","1995-01-11","109304"
"728","Berneice","Wilkinson","M","1979-08-15","91162"
"729","Offie","Bernier","M","1983-12-18","89910"
"730","Savon","Lubowitz","M","1972-11-11","110521"
"731","Joshuah","O'Keefe","M","1974-01-05","142896"
"732","Cyril","Fahey","M","1971-04-16","146821"
"733","Jarred","Kilback","M","1990-03-28","56123"
"734","Raven","Hammes","M","1988-06-20","97382"
"735","Brittaney","Wisoky","M","1974-02-03","114863"
"736","Lim","Schmitt","M","1974-02-19","128365"
"737","Delvin","Schuppe","M","1997-06-05","62462"
"738","Gregorio","Christiansen","M","1986-07-25","112205"
"739","Quintin","Halvorson","M","1976-06-07","81527"
"740","Ezequiel","Baumbach","M","1992-12-19","131575"
"741","Charley","Hessel","M","1998-03-23","90608"
"742","Winston","Sipes","M","1998-05-22","106134"
"743","Lani","Lang","M","1974-07-06","105188"
"744","Noreen","Bayer","M","1985-07-26","131732"
"745","Chaya","Zboncak","M","1989-05-16","62362"
"746","Eliot","Johnston","M","1979-10-27","121358"
"747","Kirby","Schmitt","M","1970-01-19","138064"
"748","Jamin","Gerhold","M","1996-08-09","114066"
"749","Evonne","Conn","M","1992-09-21","55730"
"750","Redmond","Zieme","M","1979-04-06","90315"
"751","West","Blanda","M","1999-08-21","71422"
"752","Bryan","Schulist","M","1972-09-10","146652"
"753","Gisselle","Goodwin","M","1990-01-02","136427"
"754","True","Mante","M","1984-04-29","84350"
"755","Rosanne","Kihn","M","1990-01-02","149941"
"756","Ryann","Mertz","M","1997-06-21","83567"
"757","Irl","Okuneva","M","1981-10-04","58334"
"758","Marie","Gibson","M","1982-03-22","138310"
"759","Elvis","Kunze","M","1979-06-19","138143"
"760","Keandre","Herzog","M","1991-06-27","133885"
"761","Mikeal","Deckow","M","1970-12-05","99191"
"762","Devan","Harris","M","1972-09-26","124033"
"763","Jaycee","Koss","M","1971-10-15","147143"
"764","Truman","Hansen","M","1999-01-15","108002"
"765","Gertie","Veum","M","1994-11-16","78682"
"766","Thomas","Leffler","M","1991-01-27","96328"
"767","Kory","Luettgen","M","1993-04-28","70790"
"768","Elaine","Von","M","1972-07-06","63224"
"769","Casimer","Reynolds","M","1980-01-06","76821"
"770","Ailene","Bradtke","M","1977-10-27","126848"
"771","Hailey","Luettgen","M","1979-02-25","64791"
"772","Dorsey","Zemlak","M","1988-10-30","72049"
"773","Bryce","Beatty","M","1970-12-15","57111"
"774","Tera","Glover","M","1972-04-07","123495"
"775","Abraham","Botsford","M","1990-06-01","80828"
"776","Daniele","Kassulke","M","1989-04-28","138123"
"777","Seth","Rippin","M","1976-04-11","148561"
"778","Glennis","Abshire","M","1992-01-19","104223"
"779","Joshua","Renner","M","1979-02-26","109423"
"780","Gunnar","Prosacco","M","1979-01-26","126024"
"781","Olar","Pagac","M","1997-02-15","93548"
"782","Karley","Hahn","M","1984-08-24","134543"
"783","Callie","Lesch","M","1992-10-04","66278"
"784","Diamond","Corkery","M","1974-05-25","132008"
"785","Cheyenne","Schroeder","M","1972-02-21","126051"
"786","Jase","Dibbert","M","1972-12-03","146698"
"787","Marina","Stark","M","1995-02-19","98078"
"788","Jonnie","McDermott","M","1980-07-13","100740"
"789","Fitzgerald","Welch","M","1991-04-11","88134"
"790","Valentino","Hudson","M","1988-09-16","98463"
"791","Maxim","Orn","M","1971-03-01","127966"
"792","Kimberli","Walter","M","1976-03-07","60712"
"793","Laurie","Nienow","M","1993-04-01","127405"
